,ohrc,tmc
0,ch2_ohr_ncp_20210405T0640233469_d_img_d18,ch2_tmc_ncn_20211116T1329461965
1,ch2_ohr_ncp_20210405T0640233469_d_img_d18,ch2_tmc_ncn_20211116T1924288577
2,ch2_ohr_ncp_20210405T0640233469_d_img_d18,ch2_tmc_ncn_20211116T1726139902
3,ch2_ohr_ncp_20210405T0640233469_d_img_d18,ch2_tmc_ncn_20211111T1521391765
4,ch2_ohr_ncp_20210405T0640233469_d_img_d18,ch2_tmc_ncn_20211111T1322553940
5,ch2_ohr_ncp_20210405T0640233469_d_img_d18,ch2_tmc_ncn_20211113T0855227665
6,ch2_ohr_ncp_20210405T0640233469_d_img_d18,ch2_tmc_ncn_20211117T1110241429
7,ch2_ohr_ncp_20210405T0640233469_d_img_d18,ch2_tmc_ncn_20211115T1549013919
8,ch2_ohr_ncp_20210405T0640233469_d_img_d18,ch2_tmc_ncn_20211115T0955366570
9,ch2_ohr_ncp_20210405T0640233469_d_img_d18,ch2_tmc_ncn_20211115T1945316759
10,ch2_ohr_ncp_20210405T0640233469_d_img_d18,ch2_tmc_ncn_20211112T1307476929
11,ch2_ohr_ncp_20210405T0640233469_d_img_d18,ch2_tmc_ncn_20211112T1705195920
12,ch2_ohr_ncp_20210405T0640233469_d_img_d18,ch2_tmc_ncn_20211112T1109037919
13,ch2_ohr_ncp_20210405T0640233469_d_img_d18,ch2_tmc_ncn_20210520T2106199007
14,ch2_ohr_ncp_20210405T0640233469_d_img_d18,ch2_tmc_ncn_20211114T1815074402
15,ch2_ohr_ncp_20210405T0640233469_d_img_d18,ch2_tmc_ncn_20211114T1617333024
16,ch2_ohr_ncp_20210405T0640233469_d_img_d18,ch2_tmc_ncn_20220127T0237112157
17,ch2_ohr_ncp_20210405T0640233469_d_img_d18,ch2_tmc_ncn_20220109T0824167590
18,ch2_ohr_ncp_20210405T0640233469_d_img_d18,ch2_tmc_ncn_20220109T1615439830
19,ch2_ohr_ncp_20210405T0640233469_d_img_d18,ch2_tmc_ncn_20220109T1022082458
20,ch2_ohr_ncp_20210405T0640233469_d_img_d18,ch2_tmc_ncn_20220109T1219587048
21,ch2_ohr_ncp_20210405T0640233469_d_img_d18,ch2_tmc_ncn_20220130T0713123542
22,ch2_ohr_ncp_20210405T0640233469_d_img_d18,ch2_tmc_ncn_20220130T0515221440
23,ch2_ohr_ncp_20210405T0640233469_d_img_d18,ch2_tmc_ncn_20220130T0119401196
24,ch2_ohr_ncp_20210405T0640233469_d_img_d18,ch2_tmc_ncn_20220130T0317307668
25,ch2_ohr_ncp_20210405T0640233469_d_img_d18,ch2_tmc_ncn_20220201T0225455692
26,ch2_ohr_ncp_20210405T0640233469_d_img_d18,ch2_tmc_ncn_20220110T1352097832
27,ch2_ohr_ncp_20210405T0640233469_d_img_d18,ch2_tmc_ncn_20220110T0956254489
28,ch2_ohr_ncp_20210405T0640233469_d_img_d18,ch2_tmc_ncn_20220110T1154169263
29,ch2_ohr_ncp_20210405T0640233469_d_img_d18,ch2_tmc_ncn_20220126T2241288791
30,ch2_ohr_ncp_20210405T0640233469_d_img_d18,ch2_tmc_ncn_20220116T1511446554
31,ch2_ohr_ncp_20210405T0640233469_d_img_d18,ch2_tmc_ncn_20220129T0541079533
32,ch2_ohr_ncp_20210405T0640233469_d_img_d18,ch2_tmc_ncn_20220112T1300186367
33,ch2_ohr_ncp_20210405T0640233469_d_img_d18,ch2_tmc_ncn_20220112T1458093645
34,ch2_ohr_ncp_20210405T0640233469_d_img_d18,ch2_tmc_ncn_20220112T1102281958
35,ch2_ohr_ncp_20210405T0640233469_d_img_d18,ch2_tmc_ncn_20220117T1445323934
36,ch2_ohr_ncp_20210405T0640233469_d_img_d18,ch2_tmc_ncn_20220117T1841091051
37,ch2_ohr_ncp_20210405T0640233469_d_img_d18,ch2_tmc_ncn_20220117T1643206965
38,ch2_ohr_ncp_20210405T0640233469_d_img_d18,ch2_tmc_ncn_20220118T1617245717
39,ch2_ohr_ncp_20210405T0640233469_d_img_d18,ch2_tmc_ncn_20220111T1523597843
40,ch2_ohr_ncp_20210405T0640233469_d_img_d18,ch2_tmc_ncn_20220111T0930287739
41,ch2_ohr_ncp_20210405T0640233469_d_img_d18,ch2_tmc_ncn_20220111T1128205233
42,ch2_ohr_ncp_20210405T0640233469_d_img_d18,ch2_tmc_ncn_20220131T0647189484
43,ch2_ohr_ncp_20210405T0640233469_d_img_d18,ch2_tmc_ncn_20220131T0053488486
44,ch2_ohr_ncp_20210405T0640233469_d_img_d18,ch2_tmc_ncn_20220131T0251384121
45,ch2_ohr_ncp_20210405T0640233469_d_img_d18,ch2_tmc_ncn_20220131T0845092848
46,ch2_ohr_ncp_20200827T0226453039_d_img_d18,ch2_tmc_ncn_20211116T1329461965
47,ch2_ohr_ncp_20200827T0226453039_d_img_d18,ch2_tmc_ncn_20211116T1924288577
48,ch2_ohr_ncp_20200827T0226453039_d_img_d18,ch2_tmc_ncn_20211116T1726139902
49,ch2_ohr_ncp_20200827T0226453039_d_img_d18,ch2_tmc_ncn_20211111T1322553940
50,ch2_ohr_ncp_20200827T0226453039_d_img_d18,ch2_tmc_ncn_20211113T0855227665
51,ch2_ohr_ncp_20200827T0226453039_d_img_d18,ch2_tmc_ncn_20211117T1110241429
52,ch2_ohr_ncp_20200827T0226453039_d_img_d18,ch2_tmc_ncn_20211115T1549013919
53,ch2_ohr_ncp_20200827T0226453039_d_img_d18,ch2_tmc_ncn_20211115T0955366570
54,ch2_ohr_ncp_20200827T0226453039_d_img_d18,ch2_tmc_ncn_20211115T1945316759
55,ch2_ohr_ncp_20200827T0226453039_d_img_d18,ch2_tmc_ncn_20211112T1307476929
56,ch2_ohr_ncp_20200827T0226453039_d_img_d18,ch2_tmc_ncn_20211112T1705195920
57,ch2_ohr_ncp_20200827T0226453039_d_img_d18,ch2_tmc_ncn_20210520T2106199007
58,ch2_ohr_ncp_20200827T0226453039_d_img_d18,ch2_tmc_ncn_20211114T1815074402
59,ch2_ohr_ncp_20200827T0226453039_d_img_d18,ch2_tmc_ncn_20211114T1617333024
60,ch2_ohr_ncp_20200827T0226453039_d_img_d18,ch2_tmc_ncn_20220114T1405515898
61,ch2_ohr_ncp_20200827T0226453039_d_img_d18,ch2_tmc_ncn_20220127T2215296303
62,ch2_ohr_ncp_20200827T0226453039_d_img_d18,ch2_tmc_ncn_20220127T0039185733
63,ch2_ohr_ncp_20200827T0226453039_d_img_d18,ch2_tmc_ncn_20220127T0237112157
64,ch2_ohr_ncp_20200827T0226453039_d_img_d18,ch2_tmc_ncn_20220127T0434599637
65,ch2_ohr_ncp_20200827T0226453039_d_img_d18,ch2_tmc_ncn_20220109T1615439830
66,ch2_ohr_ncp_20200827T0226453039_d_img_d18,ch2_tmc_ncn_20220109T1022082458
67,ch2_ohr_ncp_20200827T0226453039_d_img_d18,ch2_tmc_ncn_20220109T1219587048
68,ch2_ohr_ncp_20200827T0226453039_d_img_d18,ch2_tmc_ncn_20220110T1352097832
69,ch2_ohr_ncp_20200827T0226453039_d_img_d18,ch2_tmc_ncn_20220110T0956254489
70,ch2_ohr_ncp_20200827T0226453039_d_img_d18,ch2_tmc_ncn_20220110T1154169263
71,ch2_ohr_ncp_20200827T0226453039_d_img_d18,ch2_tmc_ncn_20220126T2241288791
72,ch2_ohr_ncp_20200827T0226453039_d_img_d18,ch2_tmc_ncn_20220116T1511446554
73,ch2_ohr_ncp_20200827T0226453039_d_img_d18,ch2_tmc_ncn_20220128T0409055907
74,ch2_ohr_ncp_20200827T0226453039_d_img_d18,ch2_tmc_ncn_20220112T1300186367
75,ch2_ohr_ncp_20200827T0226453039_d_img_d18,ch2_tmc_ncn_20220112T1458093645
76,ch2_ohr_ncp_20200827T0226453039_d_img_d18,ch2_tmc_ncn_20220112T1102281958
77,ch2_ohr_ncp_20200827T0226453039_d_img_d18,ch2_tmc_ncn_20220117T1445323934
78,ch2_ohr_ncp_20200827T0226453039_d_img_d18,ch2_tmc_ncn_20220111T1523597843
79,ch2_ohr_ncp_20200827T0226453039_d_img_d18,ch2_tmc_ncn_20220111T0930287739
80,ch2_ohr_ncp_20200827T0226453039_d_img_d18,ch2_tmc_ncn_20220111T1721503392
81,ch2_ohr_ncp_20200827T0226453039_d_img_d18,ch2_tmc_ncn_20220111T1128205233
82,ch2_ohr_ncp_20200825T1127278043_d_img_d18,ch2_tmc_ncn_20211116T1329461965
83,ch2_ohr_ncp_20200825T1127278043_d_img_d18,ch2_tmc_ncn_20211116T1924288577
84,ch2_ohr_ncp_20200825T1127278043_d_img_d18,ch2_tmc_ncn_20211116T1726139902
85,ch2_ohr_ncp_20200825T1127278043_d_img_d18,ch2_tmc_ncn_20211117T1110241429
86,ch2_ohr_ncp_20200825T1127278043_d_img_d18,ch2_tmc_ncn_20211115T1549013919
87,ch2_ohr_ncp_20200825T1127278043_d_img_d18,ch2_tmc_ncn_20211115T0955366570
88,ch2_ohr_ncp_20200825T1127278043_d_img_d18,ch2_tmc_ncn_20211115T1945316759
89,ch2_ohr_ncp_20200825T1127278043_d_img_d18,ch2_tmc_ncn_20211112T1307476929
90,ch2_ohr_ncp_20200825T1127278043_d_img_d18,ch2_tmc_ncn_20211112T1705195920
91,ch2_ohr_ncp_20200825T1127278043_d_img_d18,ch2_tmc_ncn_20211112T1109037919
92,ch2_ohr_ncp_20200825T1127278043_d_img_d18,ch2_tmc_ncn_20210520T2106199007
93,ch2_ohr_ncp_20200825T1127278043_d_img_d18,ch2_tmc_ncn_20211114T1815074402
94,ch2_ohr_ncp_20200825T1127278043_d_img_d18,ch2_tmc_ncn_20211114T1617333024
95,ch2_ohr_ncp_20200825T1127278043_d_img_d18,ch2_tmc_ncn_20220114T1405515898
96,ch2_ohr_ncp_20200825T1127278043_d_img_d18,ch2_tmc_ncn_20220127T0039185733
97,ch2_ohr_ncp_20200825T1127278043_d_img_d18,ch2_tmc_ncn_20220127T0237112157
98,ch2_ohr_ncp_20200825T1127278043_d_img_d18,ch2_tmc_ncn_20220127T0434599637
99,ch2_ohr_ncp_20200825T1127278043_d_img_d18,ch2_tmc_ncn_20220109T0824167590
100,ch2_ohr_ncp_20200825T1127278043_d_img_d18,ch2_tmc_ncn_20220109T1615439830
101,ch2_ohr_ncp_20200825T1127278043_d_img_d18,ch2_tmc_ncn_20220109T1022082458
102,ch2_ohr_ncp_20200825T1127278043_d_img_d18,ch2_tmc_ncn_20220109T1219587048
103,ch2_ohr_ncp_20200825T1127278043_d_img_d18,ch2_tmc_ncn_20220110T1352097832
104,ch2_ohr_ncp_20200825T1127278043_d_img_d18,ch2_tmc_ncn_20220110T0956254489
105,ch2_ohr_ncp_20200825T1127278043_d_img_d18,ch2_tmc_ncn_20220110T1154169263
106,ch2_ohr_ncp_20200825T1127278043_d_img_d18,ch2_tmc_ncn_20220126T2241288791
107,ch2_ohr_ncp_20200825T1127278043_d_img_d18,ch2_tmc_ncn_20220126T0302597871
108,ch2_ohr_ncp_20200825T1127278043_d_img_d18,ch2_tmc_ncn_20220112T1300186367
109,ch2_ohr_ncp_20200825T1127278043_d_img_d18,ch2_tmc_ncn_20220112T1458093645
110,ch2_ohr_ncp_20200825T1127278043_d_img_d18,ch2_tmc_ncn_20220112T1102281958
111,ch2_ohr_ncp_20200825T1127278043_d_img_d18,ch2_tmc_ncn_20220117T1445323934
112,ch2_ohr_ncp_20200825T1127278043_d_img_d18,ch2_tmc_ncn_20220111T1523597843
113,ch2_ohr_ncp_20200825T1127278043_d_img_d18,ch2_tmc_ncn_20220111T0930287739
114,ch2_ohr_ncp_20200825T1127278043_d_img_d18,ch2_tmc_ncn_20220111T1721503392
115,ch2_ohr_ncp_20200825T1127278043_d_img_d18,ch2_tmc_ncn_20220111T1128205233
116,ch2_ohr_ncp_20210405T0640233869_d_img_d18,ch2_tmc_ncn_20211116T1329461965
117,ch2_ohr_ncp_20210405T0640233869_d_img_d18,ch2_tmc_ncn_20211116T1924288577
118,ch2_ohr_ncp_20210405T0640233869_d_img_d18,ch2_tmc_ncn_20211116T1726139902
119,ch2_ohr_ncp_20210405T0640233869_d_img_d18,ch2_tmc_ncn_20211111T1521391765
120,ch2_ohr_ncp_20210405T0640233869_d_img_d18,ch2_tmc_ncn_20211111T1322553940
121,ch2_ohr_ncp_20210405T0640233869_d_img_d18,ch2_tmc_ncn_20211113T0855227665
122,ch2_ohr_ncp_20210405T0640233869_d_img_d18,ch2_tmc_ncn_20211117T1110241429
123,ch2_ohr_ncp_20210405T0640233869_d_img_d18,ch2_tmc_ncn_20211115T1549013919
124,ch2_ohr_ncp_20210405T0640233869_d_img_d18,ch2_tmc_ncn_20211115T0955366570
125,ch2_ohr_ncp_20210405T0640233869_d_img_d18,ch2_tmc_ncn_20211115T1945316759
126,ch2_ohr_ncp_20210405T0640233869_d_img_d18,ch2_tmc_ncn_20211112T1307476929
127,ch2_ohr_ncp_20210405T0640233869_d_img_d18,ch2_tmc_ncn_20211112T1705195920
128,ch2_ohr_ncp_20210405T0640233869_d_img_d18,ch2_tmc_ncn_20211112T1109037919
129,ch2_ohr_ncp_20210405T0640233869_d_img_d18,ch2_tmc_ncn_20210520T2106199007
130,ch2_ohr_ncp_20210405T0640233869_d_img_d18,ch2_tmc_ncn_20211114T1815074402
131,ch2_ohr_ncp_20210405T0640233869_d_img_d18,ch2_tmc_ncn_20211114T1617333024
132,ch2_ohr_ncp_20210405T0640233869_d_img_d18,ch2_tmc_ncn_20220127T0237112157
133,ch2_ohr_ncp_20210405T0640233869_d_img_d18,ch2_tmc_ncn_20220109T0824167590
134,ch2_ohr_ncp_20210405T0640233869_d_img_d18,ch2_tmc_ncn_20220109T1615439830
135,ch2_ohr_ncp_20210405T0640233869_d_img_d18,ch2_tmc_ncn_20220109T1022082458
136,ch2_ohr_ncp_20210405T0640233869_d_img_d18,ch2_tmc_ncn_20220109T1219587048
137,ch2_ohr_ncp_20210405T0640233869_d_img_d18,ch2_tmc_ncn_20220130T0713123542
138,ch2_ohr_ncp_20210405T0640233869_d_img_d18,ch2_tmc_ncn_20220130T0515221440
139,ch2_ohr_ncp_20210405T0640233869_d_img_d18,ch2_tmc_ncn_20220130T0119401196
140,ch2_ohr_ncp_20210405T0640233869_d_img_d18,ch2_tmc_ncn_20220130T0317307668
141,ch2_ohr_ncp_20210405T0640233869_d_img_d18,ch2_tmc_ncn_20220201T0225455692
142,ch2_ohr_ncp_20210405T0640233869_d_img_d18,ch2_tmc_ncn_20220110T1352097832
143,ch2_ohr_ncp_20210405T0640233869_d_img_d18,ch2_tmc_ncn_20220110T0956254489
144,ch2_ohr_ncp_20210405T0640233869_d_img_d18,ch2_tmc_ncn_20220110T1154169263
145,ch2_ohr_ncp_20210405T0640233869_d_img_d18,ch2_tmc_ncn_20220126T2241288791
146,ch2_ohr_ncp_20210405T0640233869_d_img_d18,ch2_tmc_ncn_20220116T1511446554
147,ch2_ohr_ncp_20210405T0640233869_d_img_d18,ch2_tmc_ncn_20220129T0541079533
148,ch2_ohr_ncp_20210405T0640233869_d_img_d18,ch2_tmc_ncn_20220112T1300186367
149,ch2_ohr_ncp_20210405T0640233869_d_img_d18,ch2_tmc_ncn_20220112T1458093645
150,ch2_ohr_ncp_20210405T0640233869_d_img_d18,ch2_tmc_ncn_20220112T1102281958
151,ch2_ohr_ncp_20210405T0640233869_d_img_d18,ch2_tmc_ncn_20220117T1445323934
152,ch2_ohr_ncp_20210405T0640233869_d_img_d18,ch2_tmc_ncn_20220117T1841091051
153,ch2_ohr_ncp_20210405T0640233869_d_img_d18,ch2_tmc_ncn_20220117T1643206965
154,ch2_ohr_ncp_20210405T0640233869_d_img_d18,ch2_tmc_ncn_20220118T1617245717
155,ch2_ohr_ncp_20210405T0640233869_d_img_d18,ch2_tmc_ncn_20220111T1523597843
156,ch2_ohr_ncp_20210405T0640233869_d_img_d18,ch2_tmc_ncn_20220111T0930287739
157,ch2_ohr_ncp_20210405T0640233869_d_img_d18,ch2_tmc_ncn_20220111T1128205233
158,ch2_ohr_ncp_20210405T0640233869_d_img_d18,ch2_tmc_ncn_20220131T0647189484
159,ch2_ohr_ncp_20210405T0640233869_d_img_d18,ch2_tmc_ncn_20220131T0053488486
160,ch2_ohr_ncp_20210405T0640233869_d_img_d18,ch2_tmc_ncn_20220131T0251384121
161,ch2_ohr_ncp_20210405T0640233869_d_img_d18,ch2_tmc_ncn_20220131T0845092848
162,ch2_ohr_ncp_20210331T2033243734_d_img_d18,ch2_tmc_ncn_20210520T2106199007
163,ch2_ohr_ncp_20200827T0030107497_d_img_d18,ch2_tmc_ncn_20211116T1329461965
164,ch2_ohr_ncp_20200827T0030107497_d_img_d18,ch2_tmc_ncn_20211116T1924288577
165,ch2_ohr_ncp_20200827T0030107497_d_img_d18,ch2_tmc_ncn_20211116T1726139902
166,ch2_ohr_ncp_20200827T0030107497_d_img_d18,ch2_tmc_ncn_20211111T1322553940
167,ch2_ohr_ncp_20200827T0030107497_d_img_d18,ch2_tmc_ncn_20211113T0855227665
168,ch2_ohr_ncp_20200827T0030107497_d_img_d18,ch2_tmc_ncn_20211117T1110241429
169,ch2_ohr_ncp_20200827T0030107497_d_img_d18,ch2_tmc_ncn_20211115T1549013919
170,ch2_ohr_ncp_20200827T0030107497_d_img_d18,ch2_tmc_ncn_20211115T0955366570
171,ch2_ohr_ncp_20200827T0030107497_d_img_d18,ch2_tmc_ncn_20211115T1945316759
172,ch2_ohr_ncp_20200827T0030107497_d_img_d18,ch2_tmc_ncn_20211112T1307476929
173,ch2_ohr_ncp_20200827T0030107497_d_img_d18,ch2_tmc_ncn_20211112T1705195920
174,ch2_ohr_ncp_20200827T0030107497_d_img_d18,ch2_tmc_ncn_20210520T2106199007
175,ch2_ohr_ncp_20200827T0030107497_d_img_d18,ch2_tmc_ncn_20211114T1815074402
176,ch2_ohr_ncp_20200827T0030107497_d_img_d18,ch2_tmc_ncn_20211114T1617333024
177,ch2_ohr_ncp_20200827T0030107497_d_img_d18,ch2_tmc_ncn_20220114T1405515898
178,ch2_ohr_ncp_20200827T0030107497_d_img_d18,ch2_tmc_ncn_20220127T2215296303
179,ch2_ohr_ncp_20200827T0030107497_d_img_d18,ch2_tmc_ncn_20220127T0039185733
180,ch2_ohr_ncp_20200827T0030107497_d_img_d18,ch2_tmc_ncn_20220127T0237112157
181,ch2_ohr_ncp_20200827T0030107497_d_img_d18,ch2_tmc_ncn_20220127T0434599637
182,ch2_ohr_ncp_20200827T0030107497_d_img_d18,ch2_tmc_ncn_20220109T1615439830
183,ch2_ohr_ncp_20200827T0030107497_d_img_d18,ch2_tmc_ncn_20220109T1022082458
184,ch2_ohr_ncp_20200827T0030107497_d_img_d18,ch2_tmc_ncn_20220109T1219587048
185,ch2_ohr_ncp_20200827T0030107497_d_img_d18,ch2_tmc_ncn_20220110T1352097832
186,ch2_ohr_ncp_20200827T0030107497_d_img_d18,ch2_tmc_ncn_20220110T0956254489
187,ch2_ohr_ncp_20200827T0030107497_d_img_d18,ch2_tmc_ncn_20220110T1154169263
188,ch2_ohr_ncp_20200827T0030107497_d_img_d18,ch2_tmc_ncn_20220126T2241288791
189,ch2_ohr_ncp_20200827T0030107497_d_img_d18,ch2_tmc_ncn_20220116T1511446554
190,ch2_ohr_ncp_20200827T0030107497_d_img_d18,ch2_tmc_ncn_20220128T0409055907
191,ch2_ohr_ncp_20200827T0030107497_d_img_d18,ch2_tmc_ncn_20220112T1300186367
192,ch2_ohr_ncp_20200827T0030107497_d_img_d18,ch2_tmc_ncn_20220112T1458093645
193,ch2_ohr_ncp_20200827T0030107497_d_img_d18,ch2_tmc_ncn_20220112T1102281958
194,ch2_ohr_ncp_20200827T0030107497_d_img_d18,ch2_tmc_ncn_20220117T1445323934
195,ch2_ohr_ncp_20200827T0030107497_d_img_d18,ch2_tmc_ncn_20220117T1643206965
196,ch2_ohr_ncp_20200827T0030107497_d_img_d18,ch2_tmc_ncn_20220111T1523597843
197,ch2_ohr_ncp_20200827T0030107497_d_img_d18,ch2_tmc_ncn_20220111T0930287739
198,ch2_ohr_ncp_20200827T0030107497_d_img_d18,ch2_tmc_ncn_20220111T1721503392
199,ch2_ohr_ncp_20200827T0030107497_d_img_d18,ch2_tmc_ncn_20220111T1128205233
200,ch2_ohr_ncp_20220321T0525226030_d_img_d18,ch2_tmc_ncn_20211201T2228311069
201,ch2_ohr_ncp_20220321T0525226030_d_img_d18,ch2_tmc_ncn_20210520T2106199007
202,ch2_ohr_ncp_20220321T0525226030_d_img_d18,ch2_tmc_ncn_20220722T0106188066
203,ch2_ohr_ncp_20211026T1929365546_d_img_d18,ch2_tmc_ncn_20211116T1924288577
204,ch2_ohr_ncp_20211026T1929365546_d_img_d18,ch2_tmc_ncn_20211116T1726139902
205,ch2_ohr_ncp_20211026T1929365546_d_img_d18,ch2_tmc_ncn_20211111T1521391765
206,ch2_ohr_ncp_20211026T1929365546_d_img_d18,ch2_tmc_ncn_20211111T1322553940
207,ch2_ohr_ncp_20211026T1929365546_d_img_d18,ch2_tmc_ncn_20210529T1718083910
208,ch2_ohr_ncp_20211026T1929365546_d_img_d18,ch2_tmc_ncn_20211117T1110241429
209,ch2_ohr_ncp_20211026T1929365546_d_img_d18,ch2_tmc_ncn_20211115T1549013919
210,ch2_ohr_ncp_20211026T1929365546_d_img_d18,ch2_tmc_ncn_20211115T1945316759
211,ch2_ohr_ncp_20211026T1929365546_d_img_d18,ch2_tmc_ncn_20211112T1307476929
212,ch2_ohr_ncp_20211026T1929365546_d_img_d18,ch2_tmc_ncn_20211112T1109037919
213,ch2_ohr_ncp_20211026T1929365546_d_img_d18,ch2_tmc_ncn_20210520T2106199007
214,ch2_ohr_ncp_20211026T1929365546_d_img_d18,ch2_tmc_ncn_20211114T1815074402
215,ch2_ohr_ncp_20211026T1929365546_d_img_d18,ch2_tmc_ncn_20211114T1617333024
216,ch2_ohr_ncp_20211026T1929365546_d_img_d18,ch2_tmc_ncn_20220109T0824167590
217,ch2_ohr_ncp_20211026T1929365546_d_img_d18,ch2_tmc_ncn_20220109T1615439830
218,ch2_ohr_ncp_20211026T1929365546_d_img_d18,ch2_tmc_ncn_20220109T1022082458
219,ch2_ohr_ncp_20211026T1929365546_d_img_d18,ch2_tmc_ncn_20220109T1219587048
220,ch2_ohr_ncp_20211026T1929365546_d_img_d18,ch2_tmc_ncn_20220130T0713123542
221,ch2_ohr_ncp_20211026T1929365546_d_img_d18,ch2_tmc_ncn_20220130T0515221440
222,ch2_ohr_ncp_20211026T1929365546_d_img_d18,ch2_tmc_ncn_20220130T0119401196
223,ch2_ohr_ncp_20211026T1929365546_d_img_d18,ch2_tmc_ncn_20220130T0317307668
224,ch2_ohr_ncp_20211026T1929365546_d_img_d18,ch2_tmc_ncn_20220201T0225455692
225,ch2_ohr_ncp_20211026T1929365546_d_img_d18,ch2_tmc_ncn_20220110T1352097832
226,ch2_ohr_ncp_20211026T1929365546_d_img_d18,ch2_tmc_ncn_20220110T0956254489
227,ch2_ohr_ncp_20211026T1929365546_d_img_d18,ch2_tmc_ncn_20220110T1154169263
228,ch2_ohr_ncp_20211026T1929365546_d_img_d18,ch2_tmc_ncn_20220126T2241288791
229,ch2_ohr_ncp_20211026T1929365546_d_img_d18,ch2_tmc_ncn_20220116T1511446554
230,ch2_ohr_ncp_20211026T1929365546_d_img_d18,ch2_tmc_ncn_20220128T0409055907
231,ch2_ohr_ncp_20211026T1929365546_d_img_d18,ch2_tmc_ncn_20220129T0541079533
232,ch2_ohr_ncp_20211026T1929365546_d_img_d18,ch2_tmc_ncn_20220112T1300186367
233,ch2_ohr_ncp_20211026T1929365546_d_img_d18,ch2_tmc_ncn_20220117T1445323934
234,ch2_ohr_ncp_20211026T1929365546_d_img_d18,ch2_tmc_ncn_20220117T1841091051
235,ch2_ohr_ncp_20211026T1929365546_d_img_d18,ch2_tmc_ncn_20220117T1643206965
236,ch2_ohr_ncp_20211026T1929365546_d_img_d18,ch2_tmc_ncn_20220111T0930287739
237,ch2_ohr_ncp_20211026T1929365546_d_img_d18,ch2_tmc_ncn_20220111T1721503392
238,ch2_ohr_ncp_20211026T1929365546_d_img_d18,ch2_tmc_ncn_20220111T1128205233
239,ch2_ohr_ncp_20211026T1929365546_d_img_d18,ch2_tmc_ncn_20220131T0053488486
240,ch2_ohr_ncp_20211026T1929365546_d_img_d18,ch2_tmc_ncn_20220131T0251384121
241,ch2_ohr_ncp_20220321T0525226107_d_img_d18,ch2_tmc_ncn_20211201T2228311069
242,ch2_ohr_ncp_20220321T0525226107_d_img_d18,ch2_tmc_ncn_20210520T2106199007
243,ch2_ohr_ncp_20220321T0525226107_d_img_d18,ch2_tmc_ncn_20220722T0106188066
244,ch2_ohr_ncp_20210405T0640233869_d_img_d32,ch2_tmc_ncn_20211116T1329461965
245,ch2_ohr_ncp_20210405T0640233869_d_img_d32,ch2_tmc_ncn_20211116T1924288577
246,ch2_ohr_ncp_20210405T0640233869_d_img_d32,ch2_tmc_ncn_20211116T1726139902
247,ch2_ohr_ncp_20210405T0640233869_d_img_d32,ch2_tmc_ncn_20211111T1521391765
248,ch2_ohr_ncp_20210405T0640233869_d_img_d32,ch2_tmc_ncn_20211111T1322553940
249,ch2_ohr_ncp_20210405T0640233869_d_img_d32,ch2_tmc_ncn_20211113T0855227665
250,ch2_ohr_ncp_20210405T0640233869_d_img_d32,ch2_tmc_ncn_20211117T1110241429
251,ch2_ohr_ncp_20210405T0640233869_d_img_d32,ch2_tmc_ncn_20211115T1549013919
252,ch2_ohr_ncp_20210405T0640233869_d_img_d32,ch2_tmc_ncn_20211115T0955366570
253,ch2_ohr_ncp_20210405T0640233869_d_img_d32,ch2_tmc_ncn_20211115T1945316759
254,ch2_ohr_ncp_20210405T0640233869_d_img_d32,ch2_tmc_ncn_20211112T1307476929
255,ch2_ohr_ncp_20210405T0640233869_d_img_d32,ch2_tmc_ncn_20211112T1705195920
256,ch2_ohr_ncp_20210405T0640233869_d_img_d32,ch2_tmc_ncn_20211112T1109037919
257,ch2_ohr_ncp_20210405T0640233869_d_img_d32,ch2_tmc_ncn_20210520T2106199007
258,ch2_ohr_ncp_20210405T0640233869_d_img_d32,ch2_tmc_ncn_20211114T1815074402
259,ch2_ohr_ncp_20210405T0640233869_d_img_d32,ch2_tmc_ncn_20211114T1617333024
260,ch2_ohr_ncp_20210405T0640233869_d_img_d32,ch2_tmc_ncn_20220127T0237112157
261,ch2_ohr_ncp_20210405T0640233869_d_img_d32,ch2_tmc_ncn_20220109T0824167590
262,ch2_ohr_ncp_20210405T0640233869_d_img_d32,ch2_tmc_ncn_20220109T1615439830
263,ch2_ohr_ncp_20210405T0640233869_d_img_d32,ch2_tmc_ncn_20220109T1022082458
264,ch2_ohr_ncp_20210405T0640233869_d_img_d32,ch2_tmc_ncn_20220109T1219587048
265,ch2_ohr_ncp_20210405T0640233869_d_img_d32,ch2_tmc_ncn_20220130T0713123542
266,ch2_ohr_ncp_20210405T0640233869_d_img_d32,ch2_tmc_ncn_20220130T0515221440
267,ch2_ohr_ncp_20210405T0640233869_d_img_d32,ch2_tmc_ncn_20220130T0119401196
268,ch2_ohr_ncp_20210405T0640233869_d_img_d32,ch2_tmc_ncn_20220130T0317307668
269,ch2_ohr_ncp_20210405T0640233869_d_img_d32,ch2_tmc_ncn_20220201T0225455692
270,ch2_ohr_ncp_20210405T0640233869_d_img_d32,ch2_tmc_ncn_20220110T1352097832
271,ch2_ohr_ncp_20210405T0640233869_d_img_d32,ch2_tmc_ncn_20220110T0956254489
272,ch2_ohr_ncp_20210405T0640233869_d_img_d32,ch2_tmc_ncn_20220110T1154169263
273,ch2_ohr_ncp_20210405T0640233869_d_img_d32,ch2_tmc_ncn_20220126T2241288791
274,ch2_ohr_ncp_20210405T0640233869_d_img_d32,ch2_tmc_ncn_20220116T1511446554
275,ch2_ohr_ncp_20210405T0640233869_d_img_d32,ch2_tmc_ncn_20220129T0541079533
276,ch2_ohr_ncp_20210405T0640233869_d_img_d32,ch2_tmc_ncn_20220112T1300186367
277,ch2_ohr_ncp_20210405T0640233869_d_img_d32,ch2_tmc_ncn_20220112T1458093645
278,ch2_ohr_ncp_20210405T0640233869_d_img_d32,ch2_tmc_ncn_20220112T1102281958
279,ch2_ohr_ncp_20210405T0640233869_d_img_d32,ch2_tmc_ncn_20220117T1445323934
280,ch2_ohr_ncp_20210405T0640233869_d_img_d32,ch2_tmc_ncn_20220117T1841091051
281,ch2_ohr_ncp_20210405T0640233869_d_img_d32,ch2_tmc_ncn_20220117T1643206965
282,ch2_ohr_ncp_20210405T0640233869_d_img_d32,ch2_tmc_ncn_20220118T1617245717
283,ch2_ohr_ncp_20210405T0640233869_d_img_d32,ch2_tmc_ncn_20220111T1523597843
284,ch2_ohr_ncp_20210405T0640233869_d_img_d32,ch2_tmc_ncn_20220111T0930287739
285,ch2_ohr_ncp_20210405T0640233869_d_img_d32,ch2_tmc_ncn_20220111T1128205233
286,ch2_ohr_ncp_20210405T0640233869_d_img_d32,ch2_tmc_ncn_20220131T0647189484
287,ch2_ohr_ncp_20210405T0640233869_d_img_d32,ch2_tmc_ncn_20220131T0053488486
288,ch2_ohr_ncp_20210405T0640233869_d_img_d32,ch2_tmc_ncn_20220131T0251384121
289,ch2_ohr_ncp_20210405T0640233869_d_img_d32,ch2_tmc_ncn_20220131T0845092848
290,ch2_ohr_ncp_20210405T1606537227_d_img_d18,ch2_tmc_ncn_20210520T2106199007
291,ch2_ohr_ncp_20200825T1716291272_d_img_d18,ch2_tmc_ncn_20211116T1329461965
292,ch2_ohr_ncp_20200825T1716291272_d_img_d18,ch2_tmc_ncn_20211116T1924288577
293,ch2_ohr_ncp_20200825T1716291272_d_img_d18,ch2_tmc_ncn_20211116T1726139902
294,ch2_ohr_ncp_20200825T1716291272_d_img_d18,ch2_tmc_ncn_20211113T0855227665
295,ch2_ohr_ncp_20200825T1716291272_d_img_d18,ch2_tmc_ncn_20211117T1110241429
296,ch2_ohr_ncp_20200825T1716291272_d_img_d18,ch2_tmc_ncn_20211115T1549013919
297,ch2_ohr_ncp_20200825T1716291272_d_img_d18,ch2_tmc_ncn_20211115T0955366570
298,ch2_ohr_ncp_20200825T1716291272_d_img_d18,ch2_tmc_ncn_20211115T1945316759
299,ch2_ohr_ncp_20200825T1716291272_d_img_d18,ch2_tmc_ncn_20211112T1307476929
300,ch2_ohr_ncp_20200825T1716291272_d_img_d18,ch2_tmc_ncn_20211112T1705195920
301,ch2_ohr_ncp_20200825T1716291272_d_img_d18,ch2_tmc_ncn_20210520T2106199007
302,ch2_ohr_ncp_20200825T1716291272_d_img_d18,ch2_tmc_ncn_20211114T1815074402
303,ch2_ohr_ncp_20200825T1716291272_d_img_d18,ch2_tmc_ncn_20211114T1617333024
304,ch2_ohr_ncp_20200825T1716291272_d_img_d18,ch2_tmc_ncn_20220114T1405515898
305,ch2_ohr_ncp_20200825T1716291272_d_img_d18,ch2_tmc_ncn_20220127T0039185733
306,ch2_ohr_ncp_20200825T1716291272_d_img_d18,ch2_tmc_ncn_20220127T0237112157
307,ch2_ohr_ncp_20200825T1716291272_d_img_d18,ch2_tmc_ncn_20220127T0434599637
308,ch2_ohr_ncp_20200825T1716291272_d_img_d18,ch2_tmc_ncn_20220109T1615439830
309,ch2_ohr_ncp_20200825T1716291272_d_img_d18,ch2_tmc_ncn_20220109T1022082458
310,ch2_ohr_ncp_20200825T1716291272_d_img_d18,ch2_tmc_ncn_20220109T1219587048
311,ch2_ohr_ncp_20200825T1716291272_d_img_d18,ch2_tmc_ncn_20220110T1352097832
312,ch2_ohr_ncp_20200825T1716291272_d_img_d18,ch2_tmc_ncn_20220110T0956254489
313,ch2_ohr_ncp_20200825T1716291272_d_img_d18,ch2_tmc_ncn_20220110T1154169263
314,ch2_ohr_ncp_20200825T1716291272_d_img_d18,ch2_tmc_ncn_20220126T2241288791
315,ch2_ohr_ncp_20200825T1716291272_d_img_d18,ch2_tmc_ncn_20220126T0302597871
316,ch2_ohr_ncp_20200825T1716291272_d_img_d18,ch2_tmc_ncn_20220112T1300186367
317,ch2_ohr_ncp_20200825T1716291272_d_img_d18,ch2_tmc_ncn_20220112T1458093645
318,ch2_ohr_ncp_20200825T1716291272_d_img_d18,ch2_tmc_ncn_20220112T1102281958
319,ch2_ohr_ncp_20200825T1716291272_d_img_d18,ch2_tmc_ncn_20220111T1523597843
320,ch2_ohr_ncp_20200825T1716291272_d_img_d18,ch2_tmc_ncn_20220111T0930287739
321,ch2_ohr_ncp_20200825T1716291272_d_img_d18,ch2_tmc_ncn_20220111T1721503392
322,ch2_ohr_ncp_20200825T1716291272_d_img_d18,ch2_tmc_ncn_20220111T1128205233
323,ch2_ohr_ncp_20200824T1003365280_d_img_d18,ch2_tmc_ncn_20211116T1329461965
324,ch2_ohr_ncp_20200824T1003365280_d_img_d18,ch2_tmc_ncn_20211116T1924288577
325,ch2_ohr_ncp_20200824T1003365280_d_img_d18,ch2_tmc_ncn_20211116T1726139902
326,ch2_ohr_ncp_20200824T1003365280_d_img_d18,ch2_tmc_ncn_20211113T0855227665
327,ch2_ohr_ncp_20200824T1003365280_d_img_d18,ch2_tmc_ncn_20211117T1110241429
328,ch2_ohr_ncp_20200824T1003365280_d_img_d18,ch2_tmc_ncn_20211115T0955366570
329,ch2_ohr_ncp_20200824T1003365280_d_img_d18,ch2_tmc_ncn_20211115T1945316759
330,ch2_ohr_ncp_20200824T1003365280_d_img_d18,ch2_tmc_ncn_20210524T1512098273
331,ch2_ohr_ncp_20200824T1003365280_d_img_d18,ch2_tmc_ncn_20210524T1311568462
332,ch2_ohr_ncp_20200824T1003365280_d_img_d18,ch2_tmc_ncn_20211112T1307476929
333,ch2_ohr_ncp_20200824T1003365280_d_img_d18,ch2_tmc_ncn_20211112T1705195920
334,ch2_ohr_ncp_20200824T1003365280_d_img_d18,ch2_tmc_ncn_20210520T2106199007
335,ch2_ohr_ncp_20200824T1003365280_d_img_d18,ch2_tmc_ncn_20211114T1815074402
336,ch2_ohr_ncp_20200824T1003365280_d_img_d18,ch2_tmc_ncn_20211114T1617333024
337,ch2_ohr_ncp_20200824T1003365280_d_img_d18,ch2_tmc_ncn_20220114T1405515898
338,ch2_ohr_ncp_20200824T1003365280_d_img_d18,ch2_tmc_ncn_20220127T0039185733
339,ch2_ohr_ncp_20200824T1003365280_d_img_d18,ch2_tmc_ncn_20220127T0237112157
340,ch2_ohr_ncp_20200824T1003365280_d_img_d18,ch2_tmc_ncn_20220109T0824167590
341,ch2_ohr_ncp_20200824T1003365280_d_img_d18,ch2_tmc_ncn_20220109T1615439830
342,ch2_ohr_ncp_20200824T1003365280_d_img_d18,ch2_tmc_ncn_20220109T1022082458
343,ch2_ohr_ncp_20200824T1003365280_d_img_d18,ch2_tmc_ncn_20220109T1219587048
344,ch2_ohr_ncp_20200824T1003365280_d_img_d18,ch2_tmc_ncn_20220110T1352097832
345,ch2_ohr_ncp_20200824T1003365280_d_img_d18,ch2_tmc_ncn_20220110T0956254489
346,ch2_ohr_ncp_20200824T1003365280_d_img_d18,ch2_tmc_ncn_20220110T1154169263
347,ch2_ohr_ncp_20200824T1003365280_d_img_d18,ch2_tmc_ncn_20220126T0105091944
348,ch2_ohr_ncp_20200824T1003365280_d_img_d18,ch2_tmc_ncn_20220126T0302597871
349,ch2_ohr_ncp_20200824T1003365280_d_img_d18,ch2_tmc_ncn_20220125T2307105389
350,ch2_ohr_ncp_20200824T1003365280_d_img_d18,ch2_tmc_ncn_20220125T1911266677
351,ch2_ohr_ncp_20200824T1003365280_d_img_d18,ch2_tmc_ncn_20220125T2109207915
352,ch2_ohr_ncp_20210401T2200364910_d_img_d18,ch2_tmc_ncn_20210520T2106199007
353,ch2_ohr_ncp_20210405T1606536730_d_img_d18,ch2_tmc_ncn_20210520T2106199007
354,ch2_ohr_ncp_20200825T1322594314_d_img_d18,ch2_tmc_ncn_20211116T1329461965
355,ch2_ohr_ncp_20200825T1322594314_d_img_d18,ch2_tmc_ncn_20211116T1924288577
356,ch2_ohr_ncp_20200825T1322594314_d_img_d18,ch2_tmc_ncn_20211116T1726139902
357,ch2_ohr_ncp_20200825T1322594314_d_img_d18,ch2_tmc_ncn_20211113T0855227665
358,ch2_ohr_ncp_20200825T1322594314_d_img_d18,ch2_tmc_ncn_20211117T1110241429
359,ch2_ohr_ncp_20200825T1322594314_d_img_d18,ch2_tmc_ncn_20211115T1549013919
360,ch2_ohr_ncp_20200825T1322594314_d_img_d18,ch2_tmc_ncn_20211115T0955366570
361,ch2_ohr_ncp_20200825T1322594314_d_img_d18,ch2_tmc_ncn_20211115T1945316759
362,ch2_ohr_ncp_20200825T1322594314_d_img_d18,ch2_tmc_ncn_20211112T1307476929
363,ch2_ohr_ncp_20200825T1322594314_d_img_d18,ch2_tmc_ncn_20211112T1705195920
364,ch2_ohr_ncp_20200825T1322594314_d_img_d18,ch2_tmc_ncn_20210520T2106199007
365,ch2_ohr_ncp_20200825T1322594314_d_img_d18,ch2_tmc_ncn_20211114T1815074402
366,ch2_ohr_ncp_20200825T1322594314_d_img_d18,ch2_tmc_ncn_20211114T1617333024
367,ch2_ohr_ncp_20200825T1322594314_d_img_d18,ch2_tmc_ncn_20220114T1405515898
368,ch2_ohr_ncp_20200825T1322594314_d_img_d18,ch2_tmc_ncn_20220127T0039185733
369,ch2_ohr_ncp_20200825T1322594314_d_img_d18,ch2_tmc_ncn_20220127T0237112157
370,ch2_ohr_ncp_20200825T1322594314_d_img_d18,ch2_tmc_ncn_20220127T0434599637
371,ch2_ohr_ncp_20200825T1322594314_d_img_d18,ch2_tmc_ncn_20220109T1615439830
372,ch2_ohr_ncp_20200825T1322594314_d_img_d18,ch2_tmc_ncn_20220109T1022082458
373,ch2_ohr_ncp_20200825T1322594314_d_img_d18,ch2_tmc_ncn_20220109T1219587048
374,ch2_ohr_ncp_20200825T1322594314_d_img_d18,ch2_tmc_ncn_20220110T1352097832
375,ch2_ohr_ncp_20200825T1322594314_d_img_d18,ch2_tmc_ncn_20220110T0956254489
376,ch2_ohr_ncp_20200825T1322594314_d_img_d18,ch2_tmc_ncn_20220110T1154169263
377,ch2_ohr_ncp_20200825T1322594314_d_img_d18,ch2_tmc_ncn_20220126T2241288791
378,ch2_ohr_ncp_20200825T1322594314_d_img_d18,ch2_tmc_ncn_20220126T0302597871
379,ch2_ohr_ncp_20200825T1322594314_d_img_d18,ch2_tmc_ncn_20220112T1300186367
380,ch2_ohr_ncp_20200825T1322594314_d_img_d18,ch2_tmc_ncn_20220112T1458093645
381,ch2_ohr_ncp_20200825T1322594314_d_img_d18,ch2_tmc_ncn_20220112T1102281958
382,ch2_ohr_ncp_20200825T1322594314_d_img_d18,ch2_tmc_ncn_20220111T1523597843
383,ch2_ohr_ncp_20200825T1322594314_d_img_d18,ch2_tmc_ncn_20220111T0930287739
384,ch2_ohr_ncp_20200825T1322594314_d_img_d18,ch2_tmc_ncn_20220111T1721503392
385,ch2_ohr_ncp_20200825T1322594314_d_img_d18,ch2_tmc_ncn_20220111T1128205233
386,ch2_ohr_ncp_20200229T0739312111_d_img_d18,ch2_tmc_ncn_20211116T1329461965
387,ch2_ohr_ncp_20200229T0739312111_d_img_d18,ch2_tmc_ncn_20211116T1924288577
388,ch2_ohr_ncp_20200229T0739312111_d_img_d18,ch2_tmc_ncn_20211116T1726139902
389,ch2_ohr_ncp_20200229T0739312111_d_img_d18,ch2_tmc_ncn_20211113T0855227665
390,ch2_ohr_ncp_20200229T0739312111_d_img_d18,ch2_tmc_ncn_20211117T1110241429
391,ch2_ohr_ncp_20200229T0739312111_d_img_d18,ch2_tmc_ncn_20211115T1549013919
392,ch2_ohr_ncp_20200229T0739312111_d_img_d18,ch2_tmc_ncn_20211115T0955366570
393,ch2_ohr_ncp_20200229T0739312111_d_img_d18,ch2_tmc_ncn_20211115T1945316759
394,ch2_ohr_ncp_20200229T0739312111_d_img_d18,ch2_tmc_ncn_20211112T1109037919
395,ch2_ohr_ncp_20200229T0739312111_d_img_d18,ch2_tmc_ncn_20210520T2106199007
396,ch2_ohr_ncp_20200229T0739312111_d_img_d18,ch2_tmc_ncn_20211114T1815074402
397,ch2_ohr_ncp_20200229T0739312111_d_img_d18,ch2_tmc_ncn_20211114T1617333024
398,ch2_ohr_ncp_20200229T0739312111_d_img_d18,ch2_tmc_ncn_20220114T1405515898
399,ch2_ohr_ncp_20200229T0739312111_d_img_d18,ch2_tmc_ncn_20220127T0039185733
400,ch2_ohr_ncp_20200229T0739312111_d_img_d18,ch2_tmc_ncn_20220127T0237112157
401,ch2_ohr_ncp_20200229T0739312111_d_img_d18,ch2_tmc_ncn_20220127T0434599637
402,ch2_ohr_ncp_20200229T0739312111_d_img_d18,ch2_tmc_ncn_20220109T0824167590
403,ch2_ohr_ncp_20200229T0739312111_d_img_d18,ch2_tmc_ncn_20220109T1615439830
404,ch2_ohr_ncp_20200229T0739312111_d_img_d18,ch2_tmc_ncn_20220109T1022082458
405,ch2_ohr_ncp_20200229T0739312111_d_img_d18,ch2_tmc_ncn_20220109T1219587048
406,ch2_ohr_ncp_20200229T0739312111_d_img_d18,ch2_tmc_ncn_20220110T1352097832
407,ch2_ohr_ncp_20200229T0739312111_d_img_d18,ch2_tmc_ncn_20220110T1154169263
408,ch2_ohr_ncp_20200229T0739312111_d_img_d18,ch2_tmc_ncn_20220126T0105091944
409,ch2_ohr_ncp_20200229T0739312111_d_img_d18,ch2_tmc_ncn_20220126T2241288791
410,ch2_ohr_ncp_20200229T0739312111_d_img_d18,ch2_tmc_ncn_20220126T0302597871
411,ch2_ohr_ncp_20200229T0739312111_d_img_d18,ch2_tmc_ncn_20220116T1511446554
412,ch2_ohr_ncp_20200229T0739312111_d_img_d18,ch2_tmc_ncn_20220112T1458093645
413,ch2_ohr_ncp_20200229T0739312111_d_img_d18,ch2_tmc_ncn_20220111T1523597843
414,ch2_ohr_ncp_20200229T0739312111_d_img_d18,ch2_tmc_ncn_20220111T0930287739
415,ch2_ohr_ncp_20200229T0739312111_d_img_d18,ch2_tmc_ncn_20220111T1721503392
416,ch2_ohr_ncp_20200229T0739312111_d_img_d18,ch2_tmc_ncn_20220111T1128205233
417,ch2_ohr_ncp_20210405T0442095110_d_img_d18,ch2_tmc_ncn_20211116T1329461965
418,ch2_ohr_ncp_20210405T0442095110_d_img_d18,ch2_tmc_ncn_20211116T1924288577
419,ch2_ohr_ncp_20210405T0442095110_d_img_d18,ch2_tmc_ncn_20211116T1726139902
420,ch2_ohr_ncp_20210405T0442095110_d_img_d18,ch2_tmc_ncn_20211111T1521391765
421,ch2_ohr_ncp_20210405T0442095110_d_img_d18,ch2_tmc_ncn_20211111T1322553940
422,ch2_ohr_ncp_20210405T0442095110_d_img_d18,ch2_tmc_ncn_20211113T0855227665
423,ch2_ohr_ncp_20210405T0442095110_d_img_d18,ch2_tmc_ncn_20211117T1110241429
424,ch2_ohr_ncp_20210405T0442095110_d_img_d18,ch2_tmc_ncn_20211115T1549013919
425,ch2_ohr_ncp_20210405T0442095110_d_img_d18,ch2_tmc_ncn_20211115T0955366570
426,ch2_ohr_ncp_20210405T0442095110_d_img_d18,ch2_tmc_ncn_20211112T1307476929
427,ch2_ohr_ncp_20210405T0442095110_d_img_d18,ch2_tmc_ncn_20211112T1705195920
428,ch2_ohr_ncp_20210405T0442095110_d_img_d18,ch2_tmc_ncn_20211112T1109037919
429,ch2_ohr_ncp_20210405T0442095110_d_img_d18,ch2_tmc_ncn_20210520T2106199007
430,ch2_ohr_ncp_20210405T0442095110_d_img_d18,ch2_tmc_ncn_20211114T1815074402
431,ch2_ohr_ncp_20210405T0442095110_d_img_d18,ch2_tmc_ncn_20211114T1617333024
432,ch2_ohr_ncp_20210405T0442095110_d_img_d18,ch2_tmc_ncn_20220127T0237112157
433,ch2_ohr_ncp_20210405T0442095110_d_img_d18,ch2_tmc_ncn_20220109T0824167590
434,ch2_ohr_ncp_20210405T0442095110_d_img_d18,ch2_tmc_ncn_20220109T1615439830
435,ch2_ohr_ncp_20210405T0442095110_d_img_d18,ch2_tmc_ncn_20220109T1022082458
436,ch2_ohr_ncp_20210405T0442095110_d_img_d18,ch2_tmc_ncn_20220109T1219587048
437,ch2_ohr_ncp_20210405T0442095110_d_img_d18,ch2_tmc_ncn_20220130T0713123542
438,ch2_ohr_ncp_20210405T0442095110_d_img_d18,ch2_tmc_ncn_20220130T0515221440
439,ch2_ohr_ncp_20210405T0442095110_d_img_d18,ch2_tmc_ncn_20220130T0119401196
440,ch2_ohr_ncp_20210405T0442095110_d_img_d18,ch2_tmc_ncn_20220130T0317307668
441,ch2_ohr_ncp_20210405T0442095110_d_img_d18,ch2_tmc_ncn_20220201T0225455692
442,ch2_ohr_ncp_20210405T0442095110_d_img_d18,ch2_tmc_ncn_20220110T1352097832
443,ch2_ohr_ncp_20210405T0442095110_d_img_d18,ch2_tmc_ncn_20220110T0956254489
444,ch2_ohr_ncp_20210405T0442095110_d_img_d18,ch2_tmc_ncn_20220110T1154169263
445,ch2_ohr_ncp_20210405T0442095110_d_img_d18,ch2_tmc_ncn_20220126T2241288791
446,ch2_ohr_ncp_20210405T0442095110_d_img_d18,ch2_tmc_ncn_20220116T1511446554
447,ch2_ohr_ncp_20210405T0442095110_d_img_d18,ch2_tmc_ncn_20220129T0541079533
448,ch2_ohr_ncp_20210405T0442095110_d_img_d18,ch2_tmc_ncn_20220112T1102281958
449,ch2_ohr_ncp_20210405T0442095110_d_img_d18,ch2_tmc_ncn_20220117T1445323934
450,ch2_ohr_ncp_20210405T0442095110_d_img_d18,ch2_tmc_ncn_20220117T1841091051
451,ch2_ohr_ncp_20210405T0442095110_d_img_d18,ch2_tmc_ncn_20220117T1643206965
452,ch2_ohr_ncp_20210405T0442095110_d_img_d18,ch2_tmc_ncn_20220118T1617245717
453,ch2_ohr_ncp_20210405T0442095110_d_img_d18,ch2_tmc_ncn_20220111T1523597843
454,ch2_ohr_ncp_20210405T0442095110_d_img_d18,ch2_tmc_ncn_20220111T1128205233
455,ch2_ohr_ncp_20210405T0442095110_d_img_d18,ch2_tmc_ncn_20220131T0647189484
456,ch2_ohr_ncp_20210405T0442095110_d_img_d18,ch2_tmc_ncn_20220131T0053488486
457,ch2_ohr_ncp_20210405T0442095110_d_img_d18,ch2_tmc_ncn_20220131T0251384121
458,ch2_ohr_ncp_20210405T0442095110_d_img_d18,ch2_tmc_ncn_20220131T0845092848
459,ch2_ohr_ncp_20200826T0853204550_d_img_d18,ch2_tmc_ncn_20211116T1329461965
460,ch2_ohr_ncp_20200826T0853204550_d_img_d18,ch2_tmc_ncn_20211116T1924288577
461,ch2_ohr_ncp_20200826T0853204550_d_img_d18,ch2_tmc_ncn_20211116T1726139902
462,ch2_ohr_ncp_20200826T0853204550_d_img_d18,ch2_tmc_ncn_20211111T1521391765
463,ch2_ohr_ncp_20200826T0853204550_d_img_d18,ch2_tmc_ncn_20211113T0855227665
464,ch2_ohr_ncp_20200826T0853204550_d_img_d18,ch2_tmc_ncn_20211117T1110241429
465,ch2_ohr_ncp_20200826T0853204550_d_img_d18,ch2_tmc_ncn_20211115T1549013919
466,ch2_ohr_ncp_20200826T0853204550_d_img_d18,ch2_tmc_ncn_20211115T0955366570
467,ch2_ohr_ncp_20200826T0853204550_d_img_d18,ch2_tmc_ncn_20211115T1945316759
468,ch2_ohr_ncp_20200826T0853204550_d_img_d18,ch2_tmc_ncn_20211112T1307476929
469,ch2_ohr_ncp_20200826T0853204550_d_img_d18,ch2_tmc_ncn_20211112T1705195920
470,ch2_ohr_ncp_20200826T0853204550_d_img_d18,ch2_tmc_ncn_20211112T1109037919
471,ch2_ohr_ncp_20200826T0853204550_d_img_d18,ch2_tmc_ncn_20210520T2106199007
472,ch2_ohr_ncp_20200826T0853204550_d_img_d18,ch2_tmc_ncn_20211114T1815074402
473,ch2_ohr_ncp_20200826T0853204550_d_img_d18,ch2_tmc_ncn_20211114T1617333024
474,ch2_ohr_ncp_20200826T0853204550_d_img_d18,ch2_tmc_ncn_20220114T1405515898
475,ch2_ohr_ncp_20200826T0853204550_d_img_d18,ch2_tmc_ncn_20220127T0039185733
476,ch2_ohr_ncp_20200826T0853204550_d_img_d18,ch2_tmc_ncn_20220127T0237112157
477,ch2_ohr_ncp_20200826T0853204550_d_img_d18,ch2_tmc_ncn_20220127T0434599637
478,ch2_ohr_ncp_20200826T0853204550_d_img_d18,ch2_tmc_ncn_20220109T0824167590
479,ch2_ohr_ncp_20200826T0853204550_d_img_d18,ch2_tmc_ncn_20220109T1615439830
480,ch2_ohr_ncp_20200826T0853204550_d_img_d18,ch2_tmc_ncn_20220109T1022082458
481,ch2_ohr_ncp_20200826T0853204550_d_img_d18,ch2_tmc_ncn_20220109T1219587048
482,ch2_ohr_ncp_20200826T0853204550_d_img_d18,ch2_tmc_ncn_20220110T1352097832
483,ch2_ohr_ncp_20200826T0853204550_d_img_d18,ch2_tmc_ncn_20220110T0956254489
484,ch2_ohr_ncp_20200826T0853204550_d_img_d18,ch2_tmc_ncn_20220110T1154169263
485,ch2_ohr_ncp_20200826T0853204550_d_img_d18,ch2_tmc_ncn_20220126T2241288791
486,ch2_ohr_ncp_20200826T0853204550_d_img_d18,ch2_tmc_ncn_20220112T1300186367
487,ch2_ohr_ncp_20200826T0853204550_d_img_d18,ch2_tmc_ncn_20220112T1458093645
488,ch2_ohr_ncp_20200826T0853204550_d_img_d18,ch2_tmc_ncn_20220112T1102281958
489,ch2_ohr_ncp_20200826T0853204550_d_img_d18,ch2_tmc_ncn_20220111T1523597843
490,ch2_ohr_ncp_20200826T0853204550_d_img_d18,ch2_tmc_ncn_20220111T1721503392
491,ch2_ohr_ncp_20200826T0853204550_d_img_d18,ch2_tmc_ncn_20220111T1128205233
492,ch2_ohr_ncp_20210402T0155096873_d_img_d18,ch2_tmc_ncn_20210520T2106199007
493,ch2_ohr_ncp_20211023T0027462822_d_img_d18,ch2_tmc_ncn_20211116T1329461965
494,ch2_ohr_ncp_20211023T0027462822_d_img_d18,ch2_tmc_ncn_20211116T1924288577
495,ch2_ohr_ncp_20211023T0027462822_d_img_d18,ch2_tmc_ncn_20211116T1726139902
496,ch2_ohr_ncp_20211023T0027462822_d_img_d18,ch2_tmc_ncn_20211113T0855227665
497,ch2_ohr_ncp_20211023T0027462822_d_img_d18,ch2_tmc_ncn_20211117T1110241429
498,ch2_ohr_ncp_20211023T0027462822_d_img_d18,ch2_tmc_ncn_20211115T1549013919
499,ch2_ohr_ncp_20211023T0027462822_d_img_d18,ch2_tmc_ncn_20211115T0955366570
500,ch2_ohr_ncp_20211023T0027462822_d_img_d18,ch2_tmc_ncn_20211115T1945316759
501,ch2_ohr_ncp_20211023T0027462822_d_img_d18,ch2_tmc_ncn_20211112T1307476929
502,ch2_ohr_ncp_20211023T0027462822_d_img_d18,ch2_tmc_ncn_20210520T2106199007
503,ch2_ohr_ncp_20211023T0027462822_d_img_d18,ch2_tmc_ncn_20211114T1815074402
504,ch2_ohr_ncp_20211023T0027462822_d_img_d18,ch2_tmc_ncn_20211114T1617333024
505,ch2_ohr_ncp_20211023T0027462822_d_img_d18,ch2_tmc_ncn_20220114T1405515898
506,ch2_ohr_ncp_20211023T0027462822_d_img_d18,ch2_tmc_ncn_20220127T2215296303
507,ch2_ohr_ncp_20211023T0027462822_d_img_d18,ch2_tmc_ncn_20220127T0039185733
508,ch2_ohr_ncp_20211023T0027462822_d_img_d18,ch2_tmc_ncn_20220127T0237112157
509,ch2_ohr_ncp_20211023T0027462822_d_img_d18,ch2_tmc_ncn_20220127T0434599637
510,ch2_ohr_ncp_20211023T0027462822_d_img_d18,ch2_tmc_ncn_20220109T0824167590
511,ch2_ohr_ncp_20211023T0027462822_d_img_d18,ch2_tmc_ncn_20220109T1615439830
512,ch2_ohr_ncp_20211023T0027462822_d_img_d18,ch2_tmc_ncn_20220109T1022082458
513,ch2_ohr_ncp_20211023T0027462822_d_img_d18,ch2_tmc_ncn_20220109T1219587048
514,ch2_ohr_ncp_20211023T0027462822_d_img_d18,ch2_tmc_ncn_20220110T1352097832
515,ch2_ohr_ncp_20211023T0027462822_d_img_d18,ch2_tmc_ncn_20220110T0956254489
516,ch2_ohr_ncp_20211023T0027462822_d_img_d18,ch2_tmc_ncn_20220110T1154169263
517,ch2_ohr_ncp_20211023T0027462822_d_img_d18,ch2_tmc_ncn_20220126T2241288791
518,ch2_ohr_ncp_20211023T0027462822_d_img_d18,ch2_tmc_ncn_20220112T1300186367
519,ch2_ohr_ncp_20211023T0027462822_d_img_d18,ch2_tmc_ncn_20220112T1458093645
520,ch2_ohr_ncp_20211023T0027462822_d_img_d18,ch2_tmc_ncn_20220112T1102281958
521,ch2_ohr_ncp_20211023T0027462822_d_img_d18,ch2_tmc_ncn_20220117T1445323934
522,ch2_ohr_ncp_20211023T0027462822_d_img_d18,ch2_tmc_ncn_20220117T1841091051
523,ch2_ohr_ncp_20211023T0027462822_d_img_d18,ch2_tmc_ncn_20220111T1523597843
524,ch2_ohr_ncp_20211023T0027462822_d_img_d18,ch2_tmc_ncn_20220111T0930287739
525,ch2_ohr_ncp_20211023T0027462822_d_img_d18,ch2_tmc_ncn_20220111T1721503392
526,ch2_ohr_ncp_20211023T0027462822_d_img_d18,ch2_tmc_ncn_20220111T1128205233
527,ch2_ohr_ncp_20200827T0423073950_d_img_d18,ch2_tmc_ncn_20211116T1329461965
528,ch2_ohr_ncp_20200827T0423073950_d_img_d18,ch2_tmc_ncn_20211116T1924288577
529,ch2_ohr_ncp_20200827T0423073950_d_img_d18,ch2_tmc_ncn_20211116T1726139902
530,ch2_ohr_ncp_20200827T0423073950_d_img_d18,ch2_tmc_ncn_20211113T0855227665
531,ch2_ohr_ncp_20200827T0423073950_d_img_d18,ch2_tmc_ncn_20211117T1110241429
532,ch2_ohr_ncp_20200827T0423073950_d_img_d18,ch2_tmc_ncn_20211115T0955366570
533,ch2_ohr_ncp_20200827T0423073950_d_img_d18,ch2_tmc_ncn_20211115T1945316759
534,ch2_ohr_ncp_20200827T0423073950_d_img_d18,ch2_tmc_ncn_20211112T1307476929
535,ch2_ohr_ncp_20200827T0423073950_d_img_d18,ch2_tmc_ncn_20211112T1705195920
536,ch2_ohr_ncp_20200827T0423073950_d_img_d18,ch2_tmc_ncn_20211112T1109037919
537,ch2_ohr_ncp_20200827T0423073950_d_img_d18,ch2_tmc_ncn_20210520T2106199007
538,ch2_ohr_ncp_20200827T0423073950_d_img_d18,ch2_tmc_ncn_20211114T1815074402
539,ch2_ohr_ncp_20200827T0423073950_d_img_d18,ch2_tmc_ncn_20211114T1617333024
540,ch2_ohr_ncp_20200827T0423073950_d_img_d18,ch2_tmc_ncn_20220114T1405515898
541,ch2_ohr_ncp_20200827T0423073950_d_img_d18,ch2_tmc_ncn_20220127T2215296303
542,ch2_ohr_ncp_20200827T0423073950_d_img_d18,ch2_tmc_ncn_20220127T0039185733
543,ch2_ohr_ncp_20200827T0423073950_d_img_d18,ch2_tmc_ncn_20220127T0237112157
544,ch2_ohr_ncp_20200827T0423073950_d_img_d18,ch2_tmc_ncn_20220127T0434599637
545,ch2_ohr_ncp_20200827T0423073950_d_img_d18,ch2_tmc_ncn_20220109T0824167590
546,ch2_ohr_ncp_20200827T0423073950_d_img_d18,ch2_tmc_ncn_20220109T1615439830
547,ch2_ohr_ncp_20200827T0423073950_d_img_d18,ch2_tmc_ncn_20220109T1022082458
548,ch2_ohr_ncp_20200827T0423073950_d_img_d18,ch2_tmc_ncn_20220109T1219587048
549,ch2_ohr_ncp_20200827T0423073950_d_img_d18,ch2_tmc_ncn_20220130T0119401196
550,ch2_ohr_ncp_20200827T0423073950_d_img_d18,ch2_tmc_ncn_20220130T0317307668
551,ch2_ohr_ncp_20200827T0423073950_d_img_d18,ch2_tmc_ncn_20220110T1352097832
552,ch2_ohr_ncp_20200827T0423073950_d_img_d18,ch2_tmc_ncn_20220110T0956254489
553,ch2_ohr_ncp_20200827T0423073950_d_img_d18,ch2_tmc_ncn_20220110T1154169263
554,ch2_ohr_ncp_20200827T0423073950_d_img_d18,ch2_tmc_ncn_20220126T2241288791
555,ch2_ohr_ncp_20200827T0423073950_d_img_d18,ch2_tmc_ncn_20220116T1511446554
556,ch2_ohr_ncp_20200827T0423073950_d_img_d18,ch2_tmc_ncn_20220128T0409055907
557,ch2_ohr_ncp_20200827T0423073950_d_img_d18,ch2_tmc_ncn_20220112T1300186367
558,ch2_ohr_ncp_20200827T0423073950_d_img_d18,ch2_tmc_ncn_20220112T1458093645
559,ch2_ohr_ncp_20200827T0423073950_d_img_d18,ch2_tmc_ncn_20220112T1102281958
560,ch2_ohr_ncp_20200827T0423073950_d_img_d18,ch2_tmc_ncn_20220117T1445323934
561,ch2_ohr_ncp_20200827T0423073950_d_img_d18,ch2_tmc_ncn_20220117T1841091051
562,ch2_ohr_ncp_20200827T0423073950_d_img_d18,ch2_tmc_ncn_20220117T1643206965
563,ch2_ohr_ncp_20200827T0423073950_d_img_d18,ch2_tmc_ncn_20220111T1523597843
564,ch2_ohr_ncp_20200827T0423073950_d_img_d18,ch2_tmc_ncn_20220111T0930287739
565,ch2_ohr_ncp_20200827T0423073950_d_img_d18,ch2_tmc_ncn_20220111T1721503392
566,ch2_ohr_ncp_20200827T0423073950_d_img_d18,ch2_tmc_ncn_20220111T1128205233
567,ch2_ohr_ncp_20190906T1246532096_d_img_d18,ch2_tmc_ncn_20210520T2106199007
568,ch2_ohr_ncp_20220321T0525225877_d_img_hw1,ch2_tmc_ncn_20211201T2228311069
569,ch2_ohr_ncp_20220321T0525225877_d_img_hw1,ch2_tmc_ncn_20210520T2106199007
570,ch2_ohr_ncp_20220321T0525225877_d_img_hw1,ch2_tmc_ncn_20220722T0106188066
571,ch2_ohr_ncp_20200229T0938004033_d_img_d32,ch2_tmc_ncn_20211116T1329461965
572,ch2_ohr_ncp_20200229T0938004033_d_img_d32,ch2_tmc_ncn_20211116T1924288577
573,ch2_ohr_ncp_20200229T0938004033_d_img_d32,ch2_tmc_ncn_20211113T0855227665
574,ch2_ohr_ncp_20200229T0938004033_d_img_d32,ch2_tmc_ncn_20211117T1110241429
575,ch2_ohr_ncp_20200229T0938004033_d_img_d32,ch2_tmc_ncn_20211115T1549013919
576,ch2_ohr_ncp_20200229T0938004033_d_img_d32,ch2_tmc_ncn_20211115T0955366570
577,ch2_ohr_ncp_20200229T0938004033_d_img_d32,ch2_tmc_ncn_20211115T1945316759
578,ch2_ohr_ncp_20200229T0938004033_d_img_d32,ch2_tmc_ncn_20211112T1705195920
579,ch2_ohr_ncp_20200229T0938004033_d_img_d32,ch2_tmc_ncn_20210520T2106199007
580,ch2_ohr_ncp_20200229T0938004033_d_img_d32,ch2_tmc_ncn_20211114T1815074402
581,ch2_ohr_ncp_20200229T0938004033_d_img_d32,ch2_tmc_ncn_20220114T1405515898
582,ch2_ohr_ncp_20200229T0938004033_d_img_d32,ch2_tmc_ncn_20220127T0039185733
583,ch2_ohr_ncp_20200229T0938004033_d_img_d32,ch2_tmc_ncn_20220127T0237112157
584,ch2_ohr_ncp_20200229T0938004033_d_img_d32,ch2_tmc_ncn_20220127T0434599637
585,ch2_ohr_ncp_20200229T0938004033_d_img_d32,ch2_tmc_ncn_20220109T0824167590
586,ch2_ohr_ncp_20200229T0938004033_d_img_d32,ch2_tmc_ncn_20220109T1615439830
587,ch2_ohr_ncp_20200229T0938004033_d_img_d32,ch2_tmc_ncn_20220109T1022082458
588,ch2_ohr_ncp_20200229T0938004033_d_img_d32,ch2_tmc_ncn_20220109T1219587048
589,ch2_ohr_ncp_20200229T0938004033_d_img_d32,ch2_tmc_ncn_20220110T1352097832
590,ch2_ohr_ncp_20200229T0938004033_d_img_d32,ch2_tmc_ncn_20220110T0956254489
591,ch2_ohr_ncp_20200229T0938004033_d_img_d32,ch2_tmc_ncn_20220126T0105091944
592,ch2_ohr_ncp_20200229T0938004033_d_img_d32,ch2_tmc_ncn_20220126T2241288791
593,ch2_ohr_ncp_20200229T0938004033_d_img_d32,ch2_tmc_ncn_20220126T0302597871
594,ch2_ohr_ncp_20200229T0938004033_d_img_d32,ch2_tmc_ncn_20220116T1511446554
595,ch2_ohr_ncp_20200229T0938004033_d_img_d32,ch2_tmc_ncn_20220112T1458093645
596,ch2_ohr_ncp_20200229T0938004033_d_img_d32,ch2_tmc_ncn_20220117T1643206965
597,ch2_ohr_ncp_20200229T0938004033_d_img_d32,ch2_tmc_ncn_20220111T1523597843
598,ch2_ohr_ncp_20200229T0938004033_d_img_d32,ch2_tmc_ncn_20220111T0930287739
599,ch2_ohr_ncp_20200229T0938004033_d_img_d32,ch2_tmc_ncn_20220111T1721503392
600,ch2_ohr_ncp_20200229T0938004033_d_img_d32,ch2_tmc_ncn_20220111T1128205233
601,ch2_ohr_ncp_20210401T2357376656_d_img_hw1,ch2_tmc_ncn_20210520T2106199007
602,ch2_ohr_ncp_20210402T0546284043_d_img_d18,ch2_tmc_ncn_20210520T2106199007
603,ch2_ohr_ncp_20200827T0619368134_d_img_d18,ch2_tmc_ncn_20211116T1329461965
604,ch2_ohr_ncp_20200827T0619368134_d_img_d18,ch2_tmc_ncn_20211116T1924288577
605,ch2_ohr_ncp_20200827T0619368134_d_img_d18,ch2_tmc_ncn_20211116T1726139902
606,ch2_ohr_ncp_20200827T0619368134_d_img_d18,ch2_tmc_ncn_20211111T1322553940
607,ch2_ohr_ncp_20200827T0619368134_d_img_d18,ch2_tmc_ncn_20211113T0855227665
608,ch2_ohr_ncp_20200827T0619368134_d_img_d18,ch2_tmc_ncn_20211117T1110241429
609,ch2_ohr_ncp_20200827T0619368134_d_img_d18,ch2_tmc_ncn_20211115T0955366570
610,ch2_ohr_ncp_20200827T0619368134_d_img_d18,ch2_tmc_ncn_20211115T1945316759
611,ch2_ohr_ncp_20200827T0619368134_d_img_d18,ch2_tmc_ncn_20211112T1307476929
612,ch2_ohr_ncp_20200827T0619368134_d_img_d18,ch2_tmc_ncn_20211112T1705195920
613,ch2_ohr_ncp_20200827T0619368134_d_img_d18,ch2_tmc_ncn_20211112T1109037919
614,ch2_ohr_ncp_20200827T0619368134_d_img_d18,ch2_tmc_ncn_20210520T2106199007
615,ch2_ohr_ncp_20200827T0619368134_d_img_d18,ch2_tmc_ncn_20211114T1815074402
616,ch2_ohr_ncp_20200827T0619368134_d_img_d18,ch2_tmc_ncn_20211114T1617333024
617,ch2_ohr_ncp_20200827T0619368134_d_img_d18,ch2_tmc_ncn_20220114T1405515898
618,ch2_ohr_ncp_20200827T0619368134_d_img_d18,ch2_tmc_ncn_20220127T2215296303
619,ch2_ohr_ncp_20200827T0619368134_d_img_d18,ch2_tmc_ncn_20220127T0039185733
620,ch2_ohr_ncp_20200827T0619368134_d_img_d18,ch2_tmc_ncn_20220127T0237112157
621,ch2_ohr_ncp_20200827T0619368134_d_img_d18,ch2_tmc_ncn_20220127T0434599637
622,ch2_ohr_ncp_20200827T0619368134_d_img_d18,ch2_tmc_ncn_20220109T1615439830
623,ch2_ohr_ncp_20200827T0619368134_d_img_d18,ch2_tmc_ncn_20220109T1022082458
624,ch2_ohr_ncp_20200827T0619368134_d_img_d18,ch2_tmc_ncn_20220109T1219587048
625,ch2_ohr_ncp_20200827T0619368134_d_img_d18,ch2_tmc_ncn_20220130T0119401196
626,ch2_ohr_ncp_20200827T0619368134_d_img_d18,ch2_tmc_ncn_20220130T0317307668
627,ch2_ohr_ncp_20200827T0619368134_d_img_d18,ch2_tmc_ncn_20220110T1352097832
628,ch2_ohr_ncp_20200827T0619368134_d_img_d18,ch2_tmc_ncn_20220110T0956254489
629,ch2_ohr_ncp_20200827T0619368134_d_img_d18,ch2_tmc_ncn_20220110T1154169263
630,ch2_ohr_ncp_20200827T0619368134_d_img_d18,ch2_tmc_ncn_20220126T2241288791
631,ch2_ohr_ncp_20200827T0619368134_d_img_d18,ch2_tmc_ncn_20220116T1511446554
632,ch2_ohr_ncp_20200827T0619368134_d_img_d18,ch2_tmc_ncn_20220128T0409055907
633,ch2_ohr_ncp_20200827T0619368134_d_img_d18,ch2_tmc_ncn_20220112T1300186367
634,ch2_ohr_ncp_20200827T0619368134_d_img_d18,ch2_tmc_ncn_20220112T1458093645
635,ch2_ohr_ncp_20200827T0619368134_d_img_d18,ch2_tmc_ncn_20220112T1102281958
636,ch2_ohr_ncp_20200827T0619368134_d_img_d18,ch2_tmc_ncn_20220117T1445323934
637,ch2_ohr_ncp_20200827T0619368134_d_img_d18,ch2_tmc_ncn_20220117T1841091051
638,ch2_ohr_ncp_20200827T0619368134_d_img_d18,ch2_tmc_ncn_20220117T1643206965
639,ch2_ohr_ncp_20200827T0619368134_d_img_d18,ch2_tmc_ncn_20220111T1523597843
640,ch2_ohr_ncp_20200827T0619368134_d_img_d18,ch2_tmc_ncn_20220111T0930287739
641,ch2_ohr_ncp_20200827T0619368134_d_img_d18,ch2_tmc_ncn_20220111T1721503392
642,ch2_ohr_ncp_20200827T0619368134_d_img_d18,ch2_tmc_ncn_20220111T1128205233
643,ch2_ohr_ncp_20210401T2357376656_d_img_d18,ch2_tmc_ncn_20210520T2106199007
644,ch2_ohr_ncp_20210405T0442095110_d_img_d32,ch2_tmc_ncn_20211116T1329461965
645,ch2_ohr_ncp_20210405T0442095110_d_img_d32,ch2_tmc_ncn_20211116T1924288577
646,ch2_ohr_ncp_20210405T0442095110_d_img_d32,ch2_tmc_ncn_20211116T1726139902
647,ch2_ohr_ncp_20210405T0442095110_d_img_d32,ch2_tmc_ncn_20211111T1521391765
648,ch2_ohr_ncp_20210405T0442095110_d_img_d32,ch2_tmc_ncn_20211111T1322553940
649,ch2_ohr_ncp_20210405T0442095110_d_img_d32,ch2_tmc_ncn_20211113T0855227665
650,ch2_ohr_ncp_20210405T0442095110_d_img_d32,ch2_tmc_ncn_20211117T1110241429
651,ch2_ohr_ncp_20210405T0442095110_d_img_d32,ch2_tmc_ncn_20211115T1549013919
652,ch2_ohr_ncp_20210405T0442095110_d_img_d32,ch2_tmc_ncn_20211115T0955366570
653,ch2_ohr_ncp_20210405T0442095110_d_img_d32,ch2_tmc_ncn_20211112T1307476929
654,ch2_ohr_ncp_20210405T0442095110_d_img_d32,ch2_tmc_ncn_20211112T1705195920
655,ch2_ohr_ncp_20210405T0442095110_d_img_d32,ch2_tmc_ncn_20211112T1109037919
656,ch2_ohr_ncp_20210405T0442095110_d_img_d32,ch2_tmc_ncn_20210520T2106199007
657,ch2_ohr_ncp_20210405T0442095110_d_img_d32,ch2_tmc_ncn_20211114T1815074402
658,ch2_ohr_ncp_20210405T0442095110_d_img_d32,ch2_tmc_ncn_20211114T1617333024
659,ch2_ohr_ncp_20210405T0442095110_d_img_d32,ch2_tmc_ncn_20220127T0237112157
660,ch2_ohr_ncp_20210405T0442095110_d_img_d32,ch2_tmc_ncn_20220109T0824167590
661,ch2_ohr_ncp_20210405T0442095110_d_img_d32,ch2_tmc_ncn_20220109T1615439830
662,ch2_ohr_ncp_20210405T0442095110_d_img_d32,ch2_tmc_ncn_20220109T1022082458
663,ch2_ohr_ncp_20210405T0442095110_d_img_d32,ch2_tmc_ncn_20220109T1219587048
664,ch2_ohr_ncp_20210405T0442095110_d_img_d32,ch2_tmc_ncn_20220130T0713123542
665,ch2_ohr_ncp_20210405T0442095110_d_img_d32,ch2_tmc_ncn_20220130T0515221440
666,ch2_ohr_ncp_20210405T0442095110_d_img_d32,ch2_tmc_ncn_20220130T0119401196
667,ch2_ohr_ncp_20210405T0442095110_d_img_d32,ch2_tmc_ncn_20220130T0317307668
668,ch2_ohr_ncp_20210405T0442095110_d_img_d32,ch2_tmc_ncn_20220201T0225455692
669,ch2_ohr_ncp_20210405T0442095110_d_img_d32,ch2_tmc_ncn_20220110T1352097832
670,ch2_ohr_ncp_20210405T0442095110_d_img_d32,ch2_tmc_ncn_20220110T0956254489
671,ch2_ohr_ncp_20210405T0442095110_d_img_d32,ch2_tmc_ncn_20220110T1154169263
672,ch2_ohr_ncp_20210405T0442095110_d_img_d32,ch2_tmc_ncn_20220126T2241288791
673,ch2_ohr_ncp_20210405T0442095110_d_img_d32,ch2_tmc_ncn_20220116T1511446554
674,ch2_ohr_ncp_20210405T0442095110_d_img_d32,ch2_tmc_ncn_20220129T0541079533
675,ch2_ohr_ncp_20210405T0442095110_d_img_d32,ch2_tmc_ncn_20220112T1102281958
676,ch2_ohr_ncp_20210405T0442095110_d_img_d32,ch2_tmc_ncn_20220117T1445323934
677,ch2_ohr_ncp_20210405T0442095110_d_img_d32,ch2_tmc_ncn_20220117T1841091051
678,ch2_ohr_ncp_20210405T0442095110_d_img_d32,ch2_tmc_ncn_20220117T1643206965
679,ch2_ohr_ncp_20210405T0442095110_d_img_d32,ch2_tmc_ncn_20220118T1617245717
680,ch2_ohr_ncp_20210405T0442095110_d_img_d32,ch2_tmc_ncn_20220111T1523597843
681,ch2_ohr_ncp_20210405T0442095110_d_img_d32,ch2_tmc_ncn_20220111T1128205233
682,ch2_ohr_ncp_20210405T0442095110_d_img_d32,ch2_tmc_ncn_20220131T0647189484
683,ch2_ohr_ncp_20210405T0442095110_d_img_d32,ch2_tmc_ncn_20220131T0053488486
684,ch2_ohr_ncp_20210405T0442095110_d_img_d32,ch2_tmc_ncn_20220131T0251384121
685,ch2_ohr_ncp_20210405T0442095110_d_img_d32,ch2_tmc_ncn_20220131T0845092848
686,ch2_ohr_ncp_20220914T1033119094_d_img_d32,ch2_tmc_ncn_20210520T2106199007
687,ch2_ohr_ncp_20220914T1033119094_d_img_d32,ch2_tmc_ncn_20220403T1007075726
688,ch2_ohr_ncp_20220914T1033119094_d_img_d32,ch2_tmc_ncn_20220528T0325063429
689,ch2_ohr_ncp_20220914T1033119094_d_img_d32,ch2_tmc_ncn_20220221T1109281684
690,ch2_ohr_ncp_20220914T1033119094_d_img_d32,ch2_tmc_ncn_20191125T0749024692
691,ch2_ohr_ncp_20220914T0835371412_d_img_d32,ch2_tmc_ncn_20210520T2106199007
692,ch2_ohr_ncp_20220914T0835371412_d_img_d32,ch2_tmc_ncn_20220403T1007075726
693,ch2_ohr_ncp_20220914T0835371412_d_img_d32,ch2_tmc_ncn_20220528T0325063429
694,ch2_ohr_ncp_20220914T0835371412_d_img_d32,ch2_tmc_ncn_20220221T1109281684
695,ch2_ohr_ncp_20220914T0835371412_d_img_d32,ch2_tmc_ncn_20191125T0749024692
696,ch2_ohr_ncp_20200824T0806596861_d_img_d18,ch2_tmc_ncn_20211116T1329461965
697,ch2_ohr_ncp_20200824T0806596861_d_img_d18,ch2_tmc_ncn_20211116T1924288577
698,ch2_ohr_ncp_20200824T0806596861_d_img_d18,ch2_tmc_ncn_20211116T1726139902
699,ch2_ohr_ncp_20200824T0806596861_d_img_d18,ch2_tmc_ncn_20211111T1322553940
700,ch2_ohr_ncp_20200824T0806596861_d_img_d18,ch2_tmc_ncn_20211113T0855227665
701,ch2_ohr_ncp_20200824T0806596861_d_img_d18,ch2_tmc_ncn_20211117T1110241429
702,ch2_ohr_ncp_20200824T0806596861_d_img_d18,ch2_tmc_ncn_20211115T1549013919
703,ch2_ohr_ncp_20200824T0806596861_d_img_d18,ch2_tmc_ncn_20211115T0955366570
704,ch2_ohr_ncp_20200824T0806596861_d_img_d18,ch2_tmc_ncn_20211115T1945316759
705,ch2_ohr_ncp_20200824T0806596861_d_img_d18,ch2_tmc_ncn_20210524T1512098273
706,ch2_ohr_ncp_20200824T0806596861_d_img_d18,ch2_tmc_ncn_20210524T1311568462
707,ch2_ohr_ncp_20200824T0806596861_d_img_d18,ch2_tmc_ncn_20211112T1307476929
708,ch2_ohr_ncp_20200824T0806596861_d_img_d18,ch2_tmc_ncn_20211112T1705195920
709,ch2_ohr_ncp_20200824T0806596861_d_img_d18,ch2_tmc_ncn_20210520T2106199007
710,ch2_ohr_ncp_20200824T0806596861_d_img_d18,ch2_tmc_ncn_20211114T1815074402
711,ch2_ohr_ncp_20200824T0806596861_d_img_d18,ch2_tmc_ncn_20211114T1617333024
712,ch2_ohr_ncp_20200824T0806596861_d_img_d18,ch2_tmc_ncn_20220114T1405515898
713,ch2_ohr_ncp_20200824T0806596861_d_img_d18,ch2_tmc_ncn_20220127T0039185733
714,ch2_ohr_ncp_20200824T0806596861_d_img_d18,ch2_tmc_ncn_20220127T0237112157
715,ch2_ohr_ncp_20200824T0806596861_d_img_d18,ch2_tmc_ncn_20220127T0434599637
716,ch2_ohr_ncp_20200824T0806596861_d_img_d18,ch2_tmc_ncn_20220109T0824167590
717,ch2_ohr_ncp_20200824T0806596861_d_img_d18,ch2_tmc_ncn_20220109T1615439830
718,ch2_ohr_ncp_20200824T0806596861_d_img_d18,ch2_tmc_ncn_20220109T1022082458
719,ch2_ohr_ncp_20200824T0806596861_d_img_d18,ch2_tmc_ncn_20220109T1219587048
720,ch2_ohr_ncp_20200824T0806596861_d_img_d18,ch2_tmc_ncn_20220110T1352097832
721,ch2_ohr_ncp_20200824T0806596861_d_img_d18,ch2_tmc_ncn_20220110T0956254489
722,ch2_ohr_ncp_20200824T0806596861_d_img_d18,ch2_tmc_ncn_20220110T1154169263
723,ch2_ohr_ncp_20200824T0806596861_d_img_d18,ch2_tmc_ncn_20220126T0105091944
724,ch2_ohr_ncp_20200824T0806596861_d_img_d18,ch2_tmc_ncn_20220126T0302597871
725,ch2_ohr_ncp_20200824T0806596861_d_img_d18,ch2_tmc_ncn_20220125T2307105389
726,ch2_ohr_ncp_20200824T0806596861_d_img_d18,ch2_tmc_ncn_20220125T1911266677
727,ch2_ohr_ncp_20200824T0806596861_d_img_d18,ch2_tmc_ncn_20220125T2109207915
728,ch2_ohr_ncp_20200826T0459464752_d_img_d18,ch2_tmc_ncn_20211116T1329461965
729,ch2_ohr_ncp_20200826T0459464752_d_img_d18,ch2_tmc_ncn_20211116T1924288577
730,ch2_ohr_ncp_20200826T0459464752_d_img_d18,ch2_tmc_ncn_20211116T1726139902
731,ch2_ohr_ncp_20200826T0459464752_d_img_d18,ch2_tmc_ncn_20211111T1521391765
732,ch2_ohr_ncp_20200826T0459464752_d_img_d18,ch2_tmc_ncn_20211117T1110241429
733,ch2_ohr_ncp_20200826T0459464752_d_img_d18,ch2_tmc_ncn_20211115T1549013919
734,ch2_ohr_ncp_20200826T0459464752_d_img_d18,ch2_tmc_ncn_20211115T0955366570
735,ch2_ohr_ncp_20200826T0459464752_d_img_d18,ch2_tmc_ncn_20211115T1945316759
736,ch2_ohr_ncp_20200826T0459464752_d_img_d18,ch2_tmc_ncn_20211112T1307476929
737,ch2_ohr_ncp_20200826T0459464752_d_img_d18,ch2_tmc_ncn_20211112T1705195920
738,ch2_ohr_ncp_20200826T0459464752_d_img_d18,ch2_tmc_ncn_20211112T1109037919
739,ch2_ohr_ncp_20200826T0459464752_d_img_d18,ch2_tmc_ncn_20210520T2106199007
740,ch2_ohr_ncp_20200826T0459464752_d_img_d18,ch2_tmc_ncn_20211114T1815074402
741,ch2_ohr_ncp_20200826T0459464752_d_img_d18,ch2_tmc_ncn_20211114T1617333024
742,ch2_ohr_ncp_20200826T0459464752_d_img_d18,ch2_tmc_ncn_20220114T1405515898
743,ch2_ohr_ncp_20200826T0459464752_d_img_d18,ch2_tmc_ncn_20220127T2215296303
744,ch2_ohr_ncp_20200826T0459464752_d_img_d18,ch2_tmc_ncn_20220127T0039185733
745,ch2_ohr_ncp_20200826T0459464752_d_img_d18,ch2_tmc_ncn_20220127T0237112157
746,ch2_ohr_ncp_20200826T0459464752_d_img_d18,ch2_tmc_ncn_20220127T0434599637
747,ch2_ohr_ncp_20200826T0459464752_d_img_d18,ch2_tmc_ncn_20220109T0824167590
748,ch2_ohr_ncp_20200826T0459464752_d_img_d18,ch2_tmc_ncn_20220109T1615439830
749,ch2_ohr_ncp_20200826T0459464752_d_img_d18,ch2_tmc_ncn_20220109T1022082458
750,ch2_ohr_ncp_20200826T0459464752_d_img_d18,ch2_tmc_ncn_20220109T1219587048
751,ch2_ohr_ncp_20200826T0459464752_d_img_d18,ch2_tmc_ncn_20220110T1352097832
752,ch2_ohr_ncp_20200826T0459464752_d_img_d18,ch2_tmc_ncn_20220110T0956254489
753,ch2_ohr_ncp_20200826T0459464752_d_img_d18,ch2_tmc_ncn_20220110T1154169263
754,ch2_ohr_ncp_20200826T0459464752_d_img_d18,ch2_tmc_ncn_20220126T2241288791
755,ch2_ohr_ncp_20200826T0459464752_d_img_d18,ch2_tmc_ncn_20220112T1300186367
756,ch2_ohr_ncp_20200826T0459464752_d_img_d18,ch2_tmc_ncn_20220112T1458093645
757,ch2_ohr_ncp_20200826T0459464752_d_img_d18,ch2_tmc_ncn_20220112T1102281958
758,ch2_ohr_ncp_20200826T0459464752_d_img_d18,ch2_tmc_ncn_20220111T1523597843
759,ch2_ohr_ncp_20200826T0459464752_d_img_d18,ch2_tmc_ncn_20220111T1721503392
760,ch2_ohr_ncp_20200826T0459464752_d_img_d18,ch2_tmc_ncn_20220111T1128205233
